Name,Email,Domain,Current Position/Title,Skills,Skillset,Languages,Languages List,Interviewer Id
moto g,moto@mailinator.com,,java developer,"Core Java-Proficient,Agile Testing-Proficient,Ruby on Rails-Proficient","Core Java,Agile Testing,Ruby on Rails","English-Proficient,Hindi / Urdu-Proficient,Telugu-Proficient","English,Hindi / Urdu,Telugu",279
Rajesh A,aa1@mailinator.com,,Tester,"Selenium WebDriver-Proficient,core java-Competent,OOPS-Competent","Selenium WebDriver,core java,OOPS",English-Native,English,278
sam sung,samsung@mailinator.com,,developer,"Core Java-Proficient,Agile Testing-Competent,Ruby on Rails-Proficient","Core Java,Agile Testing,Ruby on Rails","English-Proficient,Hindi / Urdu-Proficient","English,Hindi / Urdu",277
as kumar,ezio2@mailinator.com,,qa tester,Selenium WebDriver-Competent,Selenium WebDriver,English-Fluent,English,276
eteki 6,eteki6@mailinator.com,,lead,"java-Competent,ruby-Proficient,c-Competent,Embedded C-Competent,testing-Competent","java,ruby,c,Embedded C,testing",English-Proficient,English,275
free last,free@mailiantor.com,,Ruby developer,Ruby-Competent,Ruby,English-Native,English,274
eteki 5,eteki5@mailinator.com,,techincal tester,"java-Proficient,testing-Proficient,ruby-Proficient","java,testing,ruby",English-Proficient,English,273
rammi mkll,v111@mailinator.com,,anrdoid,Cocos2d-Competent,Cocos2d,English-Fluent,English,271
rammi mkll,v111@mailinator.com,,Android developer,Java-Competent,Java,"English-Fluent,English-Fluent","English,English",272
interviewer last,fehotohu@mailinator.com,,ROR developer,"Ruby-Competent,Java-Competent,Testing-Competent","Ruby,Java,Testing",English-Native,English,270
santosh korada,v1@mailinator.com,,lead,"java-Expert,testing-Proficient","java,testing",English-Proficient,English,269
char c,char@mailinator.com,,leaf,java-Proficient,java,English-Proficient,English,268
eteki 1,eteki1@mailinator.com,,lead,"java-Proficient,Testing-Proficient,ruby-Proficient","java,Testing,ruby",English-Proficient,English,267
Varma 1,varma1@mailinator.com,,QA Automation,"testung-Competent,Core Java-Competent,QA Automation-Competent","testung,Core Java,QA Automation",English-Fluent,English,266
Int A,inta@mailinator.com,,Technical developer,"java-Proficient,testing-Competent,ruby-Competent","java,testing,ruby",English-Fluent,English,265
QA 1,qa1@mailinator.com,,Software Tester,Java-Competent,Java,English-Fluent,English,264
admin1,admin1@mailinator.com,,testing,"testing-Expert,Java-Competent,ruby-Expert","testing,Java,ruby",English-Proficient,English,263
Ramu 12,ramu12@mailinator.com,,Automaton Test Engineer,"Core Java-Proficient,Selenium WebDriver-Proficient,HP QTP-Competent,TestNG-Proficient","Core Java,Selenium WebDriver,HP QTP,TestNG",English-Proficient,English,262
WebDriver 2,webdriver@mailinator.com,"Information,Other Information Services",Visakhapatnam,"Java-Proficient,Selenium-Proficient,Manual Testing-Proficient,Robot Framework-Competent,TestNG-Proficient,JUnit-Competent,AutoIt-Proficient,Python-Competent","Java,Selenium,Manual Testing,Robot Framework,TestNG,JUnit,AutoIt,Python",English-Proficient,English,261
geetha kumari,geethareddy6482@mailinator.com,"Computer and Electronic Product Manufacturing,Internet Publishing and Broadcasting",software,"HTML / HTML5-Proficient,css3-Proficient,Javascript-Proficient,jquery-Proficient,Bootstrap-Proficient,Adobe Photoshop-Proficient,illustrator-Proficient,Dreamweaver-Proficient","HTML / HTML5,css3,Javascript,jquery,Bootstrap,Adobe Photoshop,illustrator,Dreamweaver",English-Fluent,English,260
name named,freelancer106@mailinator.com,,Pho,php-Proficient,php,English-Proficient,English,259
freelancer 107,freelancer107@mailinator.com,,cad,CAD-Expert,CAD,English-Fluent,English,258
Recruiter 11111,recruiter11111@mailinator.com,,testing,testing-Competent,testing,English-Proficient,English,257
Satya S,satya@mailinator.com,Other Information Services,Software Test Engineer,"Java-Competent,Manual Testing-Competent,Test Automation-Competent,Software Testing-Proficient,Robot Framework-Competent,JUnit-Competent,Agile Testing-Competent,Python-Advanced Beginner","Java,Manual Testing,Test Automation,Software Testing,Robot Framework,JUnit,Agile Testing,Python",English-Proficient,English,256
krrish 12,krrish12@mailinator.com,"Construction of Buildings,Education and Health Services",Test Engineer,"Java-Competent,Manual Testing-Competent,Automation-Proficient","Java,Manual Testing,Automation","English-Proficient,Telugu-Proficient","English,Telugu",255
Freelancer 114,freelancer114@mailinator.com,,Soft wear,testing-Proficient,testing,English-Proficient,English,254
freelancer 104,freelancer104@mailinator.com,,freelancer,"java-Proficient,CAD-Proficient","java,CAD",English-Fluent,English,253
freelancer 88,freelancer88@mailinator.com,,java,java-Expert,java,English-Fluent,English,252
geeta freelancer,dj2@mailinator.com,,QA Analyst,java-Competent,java,English-Proficient,English,251
Freelancer eteki,dj@mailinator.com,,Freelancing,java-Competent,java,English-Proficient,English,250
dem recruiter,dem.recruiter@maildrop.cc,"Accommodation and Food Services,Administrative and Support Services",dem,java-Competent,java,English-Fluent,English,249
freelancer eteki,88@mailinator.com,,freelancing,"java-Competent,oracle-Proficient,ruby-Competent","java`,oracle,ruby",English-Proficient,English,248
freelancer 77,freelancer77@mailinator.com,,softwear,Java-Expert,Java,English-Fluent,English,247
freelancer 55,freelancer55@mailinator.com,,softwear,Selenium-Proficient,Selenium,English-Native,English,246
fdg dfg,2018@mailinator.com,,dfgdfg,ghd-Competent,ghd,English-Proficient,English,245
sdf dfdf,2017@mailinator.com,,sdfsdf,dfgdf-Competent,dfgdf,English-Proficient,English,244
Freelancer 33,freelancer33@mailinator.com,,Software,"Java-Proficient,testing-Proficient","Java,testing",English-Proficient,English,243
Fhj Fhj,agree2@mailinator.com,,Freelancing,JADE-Competent,JADE,English-Proficient,English,242
Abbot Fletcher,zeba@mailinator.com,,✕,JAVA-Competent,JAVA,English-Proficient,English,241
Rk 3,rk3@mailinator.com,,Sw,Java-Competent,Java,English-Fluent,English,240
Fhj Fhj,zero@mailinator.com,,Freelancing,java-Competent,java,English-Proficient,English,239
Baleno Null,baleno@mailinator.com,"Accommodation and Food Services,Administrative and Support Services",Superviser,"java-Proficient,testing-Competent,ruby-Proficient","java,testing,ruby",English-Proficient,English,238
freelancer 22,freelancer22@mailinator.com,,softwear,"Ruby-Competent,Selenium-Proficient","Ruby,Selenium",English-Fluent,English,237
hire int1,hireint1@mailinator.com,,freelancing,Java-Competent,Java,English-Proficient,English,236
hore int,hireint@mailinator.com,,freelancing,Java-Competent,Java,English-Proficient,English,235
tezt m,999@maildrop.cc,,tedf,Java RMI-Proficient,Java RMI,English-Native,English,234
Not 99,int89@mailinator.com,,Freelancing,java-Competent,java,English-Proficient,English,233
Int 78,int78@mailinator.com,"Accommodation,Food Services,Accounting,Finance,Administrative,Support,Waste Management,Remediation Services,Advertising,PR,MR,Event Management ",Freelancing,java-Competent,java,English-Proficient,English,232
Isnt 1124,int1234@mailinator.com,"Accounting,Finance,Administrative,Support,Waste Management,Remediation Services",iOS Developer,"Java-Competent,iOS-Competent","Java,iOS",English-Fluent,English,231
Hari N,inthari@mailinator.com,,Jaava,JAXB-Competent,JAXB,English-Fluent,English,230
Interviewer 2,interviewer2@mailinator.com,"Air Transportation,Ambulatory Health Care Services,Amusement,Gambling,and Recreation Industries,Animal Production,Apparel Manufacturing,Architecture,Interior Design ",ghfghsdfghhjddgh,c-Competent,c,English-Proficient,English,229
Android 90,android90@mailinator.com,,Cbhj,"java-Competent,Java-Competent","java,Java",English-Proficient,English,228
Raj Rr,intraj@mailinator.com,,T,JADE-Competent,JADE,English-Proficient,English,227
Ramesh M,12345a@mailinator.com,,Gxxg,R-Proficient,R,English-Proficient,English,226
Venky U,intvenky@mailinator.com,"Accommodation,Food Services,Accounting,Finance,Administrative,Support,Waste Management,Remediation Services,Advertising,PR,MR,Event Management ,Agriculture,Dairy ",Fsf,JADE-Competent,JADE,English-Fluent,English,225
Ram R,intrami@mailinator.com,,Gsg,Gambling-Proficient,Gambling,English-Fluent,English,224
Freelancer 00,freelancer00@mailinator.com,,Sowtwear,Java-Expert,Java,English-Fluent,English,223
Hari Interviewer,hariinterviewer@mailinator.com,,Quisquam at voluptate quos numquam illum,"testing-Competent,Core Java-Competent,Java-Competent,MongoDB-Competent,AngularJS-Competent,Express.js-Competent","testing,Core Java,Java,MongoDB,AngularJS,Express.js","English-Fluent,Mandarin-Fluent","English,Mandarin",222
Manish Sai,manish@mailinator.com,,dd,java-Competent,java,English-Fluent,English,221
df df,interviewerflow14@mailinator.com,,xcv,sdf-Competent,sdf,English-Fluent,English,220
df df,interviewerflow13@mailinator.com,,cv,ffff-Competent,ffff,English-Proficient,English,219
interviewer flow12,interviewerflow12@mailinator.com,"Accommodation,Food Services,Accounting,Finance,Administrative,Support,Waste Management,Remediation Services",Freelancing,"java-Competent,cad-Competent,ruby-Competent,AngularJS-Competent,SAP-Proficient","java,cad,ruby,AngularJS,SAP",English-Proficient,English,218
asdfasdfasf asdfasdf,gejofexyfi@mailinator.com,,already there is a ticket #373,java-Competent,java,English-Proficient,English,217
Interviewer agreement,agreement@mailinator.com,,freelancing,java-Competent,java,English-Proficient,English,216
Interviewer1 Inter,iosintervier1@mailinator.com,,gfgfgfhgfhg,Java-Competent,Java,English-Proficient,English,215
profile jl,profile2@mailinator.com,"Accommodation and Food Services,Administrative and Support Services",freelncn,"java-Proficient,testing-Competent","java,testing","English-Fluent,Hindi / Urdu-Proficient","English,Hindi / Urdu",214
profile ll,profile1@mailinator.com,,freelancing,"java-Competent,Java Applets-Proficient","java,Java Applets",English-Proficient,English,213
win int1,winint1@mailinator.com,,QA Freelancing,"java-Competent,CAD-Competent,Ruby-Competent,Unit Testing-Competent","java,CAD,Ruby,Unit Testing","English-Proficient,Hindi / Urdu-Native,Malay/Indonesian-Fluent","English,Hindi / Urdu,Malay/Indonesian",212
win int,winint@mailinator.com,,Freelancing,"Java-Competent,CAD-Competent,Ruby-Competent","Java,CAD,Ruby",English-Proficient,English,211
Fleur Hammond,testfree@mailinator.com,,Explicabo Sed tempor qui explicabo Ipsa laboriosam adipisicing,Ruby-Competent,Ruby,English-Proficient,English,210
new flow104,newflow104@mailinator.com,,Proficient in Freelancing,"java-Proficient,CAD-Proficient,ruby-Proficient","java,CAD,ruby",English-Proficient,English,209
geeta,newsignup@mailinator.com,,Software Engenner,java-Competent,java,English-Proficient,English,208
test test,inter2012@mailinator.com,,test,java-Competent,java,English-Proficient,English,207
divya dd,interviewer234@mailinator.com,,Hello,java-Competent,java,English-Native,English,206
recruiter asdfsadf,kovy@mailinator.com,,Itaque earum maiores molestiae suscipit quo,Voluptas mollitia aliquam quam numquam a consectetur non et aliquam autem est-Expert,Voluptas mollitia aliquam quam numquam a consectetur non et aliquam autem est,"English-Native,Mandarin-Proficient","English,Mandarin",205
Interviewer Candidate,nyfu@mailinator.com,,Tech lead,test-Competent,test,"English-Fluent,Mandarin-Native","English,Mandarin",204
Judah James,mifop@mailinator.com,,Ipsum illo provident officiis rerum,Est laboriosam officia amet aliquam et mollit maiores in eos-Competent9,Est laboriosam officia amet aliquam et mollit maiores in eos,"English-Proficient,Madurese-Proficient","English,Madurese",203
Pandora Merrill,govev@mailinator.com,,Ea nulla id mollitia a amet tempora qui ex aliquam aut aut incididunt,Inventore eligendi repudiandae placeat enim officia dolore amet-Proficient9,Inventore eligendi repudiandae placeat enim officia dolore amet,"English-Fluent,Mandarin-Native","English,Mandarin",202
Hari recruiter,sacerev@mailinator.com,,Minima reiciendis et rerum omnis delectus Nam eum quia facere a doloribus voluptate minim reprehend,Voluptas in sed nesciunt fuga Sunt ut qui-Proficient5,Voluptas in sed nesciunt fuga Sunt ut qui,"English-Fluent,Mandarin-Proficient","English,Mandarin",201
new int,newint10@mailinator.com,,sdf,java-Competent,java,English-Fluent,English,200
new int9,newint9@mailinator.com,,Freelancing,"java-Competent,CAD-Competent","java,CAD",English-Proficient,English,199
rani s,rani@mailinator.com,,test lead,"testing-Competent,java-Proficient","testing,java",English-Fluent,English,198
recruiter asdfsadf,fihe@mailinator.com,,eteki managed interview,java-Competent,java,English-Proficient,English,197
Interviewer sadfsadf,hanil@mailinator.com,"Accommodation and Food Services,Administrative and Support Services",eteki managed interview,java-Competent,java,English-Proficient,English,196
final interviewer,finalinterviewer@mailinator.com,,Freelancing,"java-Competent,ruby-Competent,cad-Competent","java,ruby,cad",English-Proficient,English,195
0 2,02@mailinator.com,"Accommodation,Accommodation and Food Services,Administrative and Support Services",technical lead,"C++-Proficient,Embedded C-Proficient","C++,Embedded C",English-Fluent,English,194
0 1,01@mailinator.com,"Accommodation and Food Services,Administrative and Support Services",lead,"C++-Proficient,Embedded C-Proficient","C++,Embedded C",English-Fluent,English,193
Venkatesh U,dint00@mailinator.com,,Jacob,J#-Proficient,J#,English-Proficient,English,192
Test Day HD,paypal@mailinator.com,,Test,HP Network Management Center (HPNMC)-Proficient,HP Network Management Center (HPNMC),English-Fluent,English,191
Venkat U,dint0@mailinator.com,,Ja,JADE5-Proficient,JADE5,English-Fluent,English,190
Ramesh M,int000@mailinator.com,,Test,Java RMI-Proficient,Java RMI,English-Proficient,English,189
143 Twe,143@mailinator.com,,Tezt,KVM-Competent,KVM,English-Proficient,English,188
Gdf HDD y,1122@mailinator.com,,Y,Java-Proficient,Java,English-Proficient,English,187
111 11,1111@mailinator.com,,Test,Japanese-Proficient,Japanese,English-Proficient,English,186
Tet Mkll,uuuu@mailinator.com,,Test,Java-Proficient,Java,English-Proficient,English,185
Tes Egehe,100@mailinator.com,,Teyd,JAXB-Proficient,JAXB,English-Fluent,English,184
Vdy Dgd,bbbb@mailinator.com,,Test,Kaizen-Competent,Kaizen,"English-Proficient,Marathi-Proficient,Oriya-Fluent","English,Marathi,Oriya",183
HDD h hd Gdhd,0000@mailinator.com,,Gddg,Hadoop Map Reduce-Proficient,Hadoop Map Reduce,English-Proficient,English,182
HD ys Udud,androidinterviewer@mailinator.com,,Test,Java-Proficient,Java,English-Proficient,English,181
Eteki Int,etekiint@mailinator.com,,Tef,HP Network Management Center (HPNMC)-Competent,HP Network Management Center (HPNMC),English-Proficient,English,180
Intfree 1,intfree1@mailinator.com,,Cad,"CAD-Expert,Ruby-Expert","CAD,Ruby",English-Fluent,English,179
G H,gggh@mailinator.com,,Yeye,Hadoop Map Reduce-Proficient,Hadoop Map Reduce,English-Proficient,English,178
Int 999,int999@mailinator.com,,Tets,Hadoop-Proficient,Hadoop,English-Fluent,English,177
Java 123,java123@mailinator.com,,Test,R-Hadoop-Proficient,R-Hadoop,English-Proficient,English,176
Hadoop 123,hadoopint@mailinator.com,,Test,JDA E3-Proficient,JDA E3,English-Proficient,English,175
name one,interviewer17@mailinator.com,,developer,java-Competent,java,English-Fluent,English,174
interviewer profile,profile@mailinator.com,"Accommodation,Administrative and Support and Waste Management and Remediation Services,Amusement,Gambling,and Recreation Industries",freelancing,"java-Competent,testing-Competent,Heroku-Competent","java,testing,Heroku","English-Proficient,Hindi / Urdu-Proficient,Telugu-Proficient","English,Hindi / Urdu,Telugu",173
Dd Ydyd,intint@mailinator.com,,HD dh,Core Java-Competent,Core Java,English-Fluent,English,172
HD HD HDD,int100@mailinator.com,,Gdgd,Core Java-Proficient,Core Java,English-Fluent,English,171
Ramesh M,intfinal@mailinator.com,,Android developer,JADE-Competent,JADE,English-Proficient,English,170
And Int,andint@mailinator.com,"Agriculture,Dairy,Aviation,Aerospace Firms,Brewery,Distillery",Cad,"CAD-Expert,Java-Proficient","CAD,Java",English-Fluent,English,169
web int2,webint2@mailinator.com,,Freelancing,"java-Competent,testing-Competent,Heroku-Competent","java,testing,Heroku",English-Proficient,English,168
web int1,webint1@mailinator.com,,Senior sales manager,"java-Competent,testing-Competent","java,testing",English-Proficient,English,167
Ios Int5,iosint5@mailinator.com,,Freelancing,"java-Competent,testing-Competent","java,testing",English-Proficient,English,166
sdf sdfsdf,dora1@mailinator.com,,sdfd,sdfgs-Competent,sdfgs,English-Fluent,English,165
sdf sdf,dora@mailinator.com,,gdfg,sdf-Competent,sdf,English-Proficient,English,164
Interviewer sadfsadf,javufola@mailinator.com,,Impedit molestias at est corporis eum at similique culpa eum laboris harum asperiores aperiam sit,Ex in fugiat eiusmod quia sint laborum Minima possimus autem porro quis soluta nihil omnis qui praesentium reprehenderit-Proficient2,Ex in fugiat eiusmod quia sint laborum Minima possimus autem porro quis soluta nihil omnis qui praesentium reprehenderit,"English-Native,Mandarin-Proficient","English,Mandarin",163
iOS Int3,iosint4@mailinator.com,,Janna,"java-Competent,testing-Competent","java,testing",English-Proficient,English,162
iOS Int3,iosint3@mailinator.com,,Freelancing,"java-Competent,Testing-Competent","java,Testing",English-Proficient,English,161
freelnacer6,freelancer6@mailinator.com,,fs,"java-Competent,testing-Competent","java,testing",English-Proficient,English,160
ak lkj,jum@mailinator.com,,gtr,"java-Competent,testing-Competent","java,testing",English-Proficient,English,159
And Int,andint1@mailinator.com,,Freelancing,"Java-Competent,Testing-Competent","Java,Testing",English-Proficient,English,158
sd s,interviewer01@mailinator.com,,developer,java-Proficient,java,English-Native,English,157
free 555,free555@mailinator.com,,ruby,"Unable to update resumes in freelancer profile-Competent,STAKE HOLDER MANAGEMENT-Competent","Unable to update resumes in freelancer profile,STAKE HOLDER MANAGEMENT",English-Fluent,English,156
recruiter asdfsadf,wodorove@mailinator.com,,developer,java-Competent,java,English-Fluent,English,155
free 444,free444@mailinator.com,,softwear,"IBM DS4800-Competent,IBM DS8100-Competent,Isilon One Fs-Competent,VAMX-Competent,Clarion CX4/CX3-Arrays-Competent","IBM DS4800,IBM DS8100,Isilon One Fs,VAMX,Clarion CX4/CX3-Arrays",English-Fluent,English,154
sunil k,freelancer2222@mailinator.com,,Dante Giles,java-Competent,java,English-Fluent,English,153
dfgd dfg,freelancer222@mailinator.com,Accommodation,gfh,Database Administration-Competent,Database Administration,English-Fluent,English,152
syam k,freelancer111@mailinator.com,,developer,Java Applets-Competent,Java Applets,English-Native,English,151
free 222,free222@mailinator.com,,softwear,"java-Expert,Testing-Expert","java,Testing",English-Fluent,English,150
anusha,free111@mailinator.com,,software,"java-Expert,Testing-Expert","java,Testing",English-Fluent,English,149
Ramesh M,rameshmgcanits@gmail.com,,Test,Java-Proficient,Java,English-Fluent,English,148
display test,intsignup@mailinator.com,,Freelancing,"java-Competent,testing-Competent","java,testing",English-Proficient,English,147
kareem,intflow@mailinator.com,,Freelancing,"java-Competent,testing-Competent","java,testing",English-Proficient,English,146
free 7,free7@mailinator.com,,sowtwear,"Java-Proficient,Testing-Proficient,CAD-Proficient","Java,Testing,CAD",English-Fluent,English,145
horrible int,horribleint@mailinator.com,,Freelancingh,"Java-Competent,Testing-Competent","Java,Testing",English-Proficient,English,144
Final Int,finalint4@mailinator.com,,Finalint4,"Java-Competent,Testing-Competent","Java,Testing",English-Proficient,English,143
freelancer 007,freelancer007@mailinator.com,,lead,"Testing-Competent,Core Java-Competent,Java-Competent,Ruby on Rails-Competent,Ruby-Competent","Testing,Core Java,Java,Ruby on Rails,Ruby",English-Fluent,English,142
Free 6,free6@mailinator.com,,Sowtwear,"java-Proficient,testing-Proficient","java,testing",English-Proficient,English,141
Tint 1,tint1@mailinator.com,,QA Tester,"Java-Competent,QA Testing-Competent,Selenium-Competent,Appium-Competent","Java,QA Testing,Selenium,Appium",English-Fluent,English,140
Interviewer recruiter,int27@mailinator.com,,eteki managed interview,java-Competent,java,English-Proficient,English,139
Interviewer 1,int1@mailinator.com,"Accounting,Finance,Administrative,Support,Waste Management,Remediation Services",AWS Admin,AWS-Proficient,AWS,English-Native,English,138
final int1,finalint1@mailinator.com,,QA Analyst,"Java-Competent,Testing-Competent","Java,Testing",English-Proficient,English,137
ravi recruiter,bypeco@mailinator.com,"Accommodation,Administrative and Support Services",Velit ex nulla ipsum itaque,Aliqua Qui ea sed asperiores laboriosam excepturi exercitation dolor enim-Competent6,Aliqua Qui ea sed asperiores laboriosam excepturi exercitation dolor enim,"English-Proficient,Mandarin-Native","English,Mandarin",136
Hari recruiter,gevamovor@mailinator.com,"Accommodation and Food Services,Administrative and Support Services",Veniam animi quis laborum Qui ex,testinf-Competent,testinf,"English-Native,Mandarin-Proficient","English,Mandarin",135
Android Int,aint@mailinator.com,,Database freelancing,"Java-Competent,Testing-Competent","Java,Testing",English-Proficient,English,134
a B,xelil@mailinator.com,,A,Java-Competent,Java,English-Native,English,133
Durgasree interviewer,interviewer_eteki@mailinator.com,,Ruby on rails developer,"Ruby-Competent,Java-Competent,.Net-Competent,Oracle-Competent","Ruby,Java,.Net,Oracle",English-Native,English,132
fr 4,fr4@mailinator.com,Accommodation and Food Services,lead,java-Competent,java,English-Proficient,English,131
fr 1,fr1@mailinator.com,,Data Analyst,"Java-Competent,Testing-Competent","Java,Testing",English-Native,English,130
fr 3,fr3@mailinator.com,,qa freelacning,"Java-Competent,Testing-Competent","Java,Testing",English-Proficient,English,129
fr 2,fr2@mailinator.com,,QA Analyst,"Java-Competent,Testing-Competent","Java,Testing",English-Proficient,English,128
RajaMartinez Bajo,demo_interviewer77@mailinator.com,,Oracle PeopleSoft Specialist Consultant,Asp.Net MVC-Competent,Asp.Net MVC,English-Proficient,English,125
BhuvaneswariFried,demo_interviewer78@mailinator.com,,iOS Developer,Adobe Photoshop-Competent,Adobe Photoshop,English-Proficient,English,126
RamyaChelikam,demo_interviewer79@mailinator.com,,Dev Ops Engineer,iOS Development-Competent,iOS Development,English-Proficient,English,127
PriyadarsiniWoldegiorgis,demo_interviewer73@mailinator.com,,"B2B PHP, Laravel Developer",java-Competent,java,English-Proficient,English,121
SanjeetMallavaram,demo_interviewer74@mailinator.com,,ETL Architect,Java-Competent,Java,English-Proficient,English,122
AbhishekVillupuram,demo_interviewer75@mailinator.com,,Full Stack Developer,Cisco Certified Network Professional-Competent,Cisco Certified Network Professional,English-Proficient,English,123
TroyH,demo_interviewer76@mailinator.com,,iOS Developer,Business Analysis-Competent,Business Analysis,English-Proficient,English,124
DarshanGupta,demo_interviewer68@mailinator.com,,Lead Websphere Commerce Admin,Javascript-Competent,Javascript,English-Proficient,English,116
ashwiniRoberts,demo_interviewer69@mailinator.com,,Full Stack Developer,c#-Competent,c#,English-Proficient,English,117
RecruitMamadapur,demo_interviewer70@mailinator.com,,Lead Websphere Commerce Admin,Routing and Switching-Competent,Routing and Switching,English-Proficient,English,118
Trevormuñoz,demo_interviewer71@mailinator.com,,Sr. Business Process Analyst,C#-Competent,C#,English-Proficient,English,119
AronAyachit,demo_interviewer72@mailinator.com,,Dev Ops Engineer,Apache Hadoop-Competent,Apache Hadoop,English-Proficient,English,120
lembarekFried,demo_interviewer64@mailinator.com,,Oracle PeopleSoft Specialist Consultant,Android -Competent,Android ,English-Proficient,English,112
Rogers,demo_interviewer65@mailinator.com,,Senior Engineer,SAP-ABAP-Competent,SAP-ABAP,English-Proficient,English,113
GiriMemon,demo_interviewer66@mailinator.com,,Lead Websphere Commerce Admin,Java-Competent,Java,English-Proficient,English,114
JavierWoldegiorgis,demo_interviewer67@mailinator.com,,Senior Engineer,dot net-Competent,dot net,English-Proficient,English,115
ankitChouhan,demo_interviewer60@mailinator.com,,Senior Engineer,PKI-Competent,PKI,English-Proficient,English,108
Trevor1,demo_interviewer61@mailinator.com,,Full Stack Developer,PHP-Competent,PHP,English-Proficient,English,109
ankitRoberts,demo_interviewer62@mailinator.com,,Senior Consultant,Information Security-Competent,Information Security,English-Proficient,English,110
RamyaGupta,demo_interviewer63@mailinator.com,,Oracle PeopleSoft Specialist Consultant,ABAP Developer-Competent,ABAP Developer,English-Proficient,English,111
ttttsinha,demo_interviewer57@mailinator.com,,ETL Architect,UFT(Unified Functional Testing)-Competent,UFT(Unified Functional Testing),English-Proficient,English,105
GiriRoberts,demo_interviewer58@mailinator.com,,None,J2EE-Competent,J2EE,English-Proficient,English,106
AronSchulz,demo_interviewer59@mailinator.com,,Consultant,Cisco IOS-Competent,Cisco IOS,English-Proficient,English,107
TroyMANDAPAKA,demo_interviewer52@mailinator.com,,"B2B PHP, Laravel Developer",Systems Administration-Competent,Systems Administration,English-Proficient,English,100
JavierROCHABRUN,demo_interviewer53@mailinator.com,,Tech Lead,Instructional design-Competent,Instructional design,English-Proficient,English,101
carolinaChelikam,demo_interviewer54@mailinator.com,,iOS Developer,ABAP-Competent,ABAP,English-Proficient,English,102
KevinROCHABRUN,demo_interviewer55@mailinator.com,,Consultant,Oracle Real Application Clusters-Competent,Oracle Real Application Clusters,English-Proficient,English,103
SYAMBalaji,demo_interviewer56@mailinator.com,,Consultant,Microsoft Dynamics CRM-Competent,Microsoft Dynamics CRM,English-Proficient,English,104
JimWoldegiorgis,demo_interviewer48@mailinator.com,,None,Oracle DBA-Competent,Oracle DBA,English-Proficient,English,96
GauravGupta,demo_interviewer49@mailinator.com,,ETL Architect,PHP-Competent,PHP,English-Proficient,English,97
ThoshithDeleted,demo_interviewer50@mailinator.com,,Consultant,Infographics-Competent,Infographics,English-Proficient,English,98
carolinaRai,demo_interviewer51@mailinator.com,,Tech Lead,ETL-Competent,ETL,English-Proficient,English,99
TrevorH,demo_interviewer43@mailinator.com,,iOS Developer,ASP.NET-Competent,ASP.NET,English-Proficient,English,91
carolinaRavi,demo_interviewer44@mailinator.com,,Professor in international business,Manual Testing-Competent,Manual Testing,English-Proficient,English,92
WojciechSadeghian,demo_interviewer45@mailinator.com,,Tech Lead,CCNP-Competent,CCNP,English-Proficient,English,93
SalahuddinGupta,demo_interviewer46@mailinator.com,,Senior Engineer,IBM FileNet-Competent,IBM FileNet,English-Proficient,English,94
KevinDeleted,demo_interviewer47@mailinator.com,,Oracle PeopleSoft Specialist Consultant,ASP.NET-Competent,ASP.NET,English-Proficient,English,95
WojciechMemon,demo_interviewer39@mailinator.com,,Oracle PeopleSoft Specialist Consultant,IT INFRASTRUCTURE-Competent,IT INFRASTRUCTURE,English-Proficient,English,87
ashwiniWoldegiorgis,demo_interviewer40@mailinator.com,,Consultant,PHP-Competent,PHP,English-Proficient,English,88
tttts,demo_interviewer41@mailinator.com,,Consultant,Swift-Competent,Swift,English-Proficient,English,89
PriyadarsiniGupta,demo_interviewer42@mailinator.com,,Lead Websphere Commerce Admin,Microsoft SQL Server-Competent,Microsoft SQL Server,English-Proficient,English,90
ThoshithHamdani,demo_interviewer35@mailinator.com,,iOS Developer,Certified Information Systems Security Professional-Competent,Certified Information Systems Security Professional,English-Proficient,English,83
Javierbenghezala,demo_interviewer36@mailinator.com,,Professor in international business,Interviewing-Competent,Interviewing,English-Proficient,English,84
TroyVillupuram,demo_interviewer37@mailinator.com,,ETL Architect,Windows Administrator-Competent,Windows Administrator,English-Proficient,English,85
Syed Wasif AbbasSchulz,demo_interviewer38@mailinator.com,,"B2B PHP, Laravel Developer",AWS-Competent,AWS,English-Proficient,English,86
carolinaHamdani,demo_interviewer31@mailinator.com,,iOS Developer,Technology-Competent,Technology,English-Proficient,English,79
UmaAyachit,demo_interviewer32@mailinator.com,,Tech Lead,DotNet-Competent,DotNet,English-Proficient,English,80
RecruitNguyen Duong,demo_interviewer33@mailinator.com,,Oracle PeopleSoft Specialist Consultant,QA Automation-Competent,QA Automation,English-Proficient,English,81
ankitMamadapur,demo_interviewer34@mailinator.com,,Professor in international business,ASP.NET MVC-Competent,ASP.NET MVC,English-Proficient,English,82
carolinaROCHABRUN,demo_interviewer28@mailinator.com,,Professor in international business,Adobe Photoshop CS6-Competent,Adobe Photoshop CS6,English-Proficient,English,76
JimTiwari,demo_interviewer29@mailinator.com,,Oracle PeopleSoft Specialist Consultant,PeopleSoft Financials-Competent,PeopleSoft Financials,English-Proficient,English,77
lembareks,demo_interviewer30@mailinator.com,,Senior Consultant,iOS-Competent,iOS,English-Proficient,English,78
SYAMMorar,demo_interviewer24@mailinator.com,,Dev Ops Engineer,HTML / HTML5-Competent,HTML / HTML5,English-Proficient,English,72
Innasinha,demo_interviewer25@mailinator.com,,Sr. Business Process Analyst,java-Competent,java,English-Proficient,English,73
Wojciechmuñoz,demo_interviewer26@mailinator.com,,Full Stack Developer,Quantitative Analysis-Competent,Quantitative Analysis,English-Proficient,English,74
carolinaGupta,demo_interviewer27@mailinator.com,,Dev Ops Engineer,IT manager-Competent,IT manager,English-Proficient,English,75
Muhammad KashifPatch,demo_interviewer22@mailinator.com,,ETL Architect,Search Engine Optimization-Competent,Search Engine Optimization,English-Proficient,English,70
carolinaFried,demo_interviewer23@mailinator.com,,Professor in international business,Data Analysis-Competent,Data Analysis,English-Proficient,English,71
The AnhHamdani,demo_interviewer18@mailinator.com,,Oracle PeopleSoft Specialist Consultant,Cisco-Competent,Cisco,English-Proficient,English,66
TroyFried,demo_interviewer19@mailinator.com,,Consultant,Java-Competent,Java,English-Proficient,English,67
KevinChelikam,demo_interviewer20@mailinator.com,,Oracle PeopleSoft Specialist Consultant,J2EE-Competent,J2EE,English-Proficient,English,68
ttttH,demo_interviewer21@mailinator.com,,None,Oracle PL/SQL-Competent,Oracle PL/SQL,English-Proficient,English,69
DarshanMartinez Bajo,demo_interviewer14@mailinator.com,,ETL Architect,Laravel-Competent,Laravel,English-Proficient,English,62
GiriPatch,demo_interviewer15@mailinator.com,,Senior Engineer,Cognos BI-Competent,Cognos BI,English-Proficient,English,63
ashwiniChouhan,demo_interviewer16@mailinator.com,,None,Android-Competent,Android,English-Proficient,English,64
JimTiwari,demo_interviewer17@mailinator.com,,Tech Lead,Python-Competent,Python,English-Proficient,English,65
VidhyasagarWoldegiorgis,demo_interviewer10@mailinator.com,,Lead Websphere Commerce Admin,salesforce-Competent,salesforce,English-Proficient,English,58
GiriRai,demo_interviewer11@mailinator.com,,Lead Websphere Commerce Admin,Requirements Gathering-Competent,Requirements Gathering,English-Proficient,English,59
Trevortttt,demo_interviewer12@mailinator.com,,Tech Lead,Computer Networking-Competent,Computer Networking,English-Proficient,English,60
GiriBalaji,demo_interviewer13@mailinator.com,,"B2B PHP, Laravel Developer",Java-Competent,Java,English-Proficient,English,61
BhuvaneswariGupta,demo_interviewer6@mailinator.com,,iOS Developer,Laravel Framework-Competent,Laravel Framework,English-Proficient,English,54
DineshROCHABRUN,demo_interviewer7@mailinator.com,,None,People & Project Management-Competent,People & Project Management,English-Proficient,English,55
PriyadarsiniROCHABRUN,demo_interviewer8@mailinator.com,,Sr. Business Process Analyst,IBM Mainframe-Competent,IBM Mainframe,English-Proficient,English,56
TrevorSchulz,demo_interviewer9@mailinator.com,,Consultant,iOS Design-Competent,iOS Design,English-Proficient,English,57
PriyadarsiniGupta,demo_interviewer2@mailinator.com,,Oracle PeopleSoft Specialist Consultant,PeopleSoft-Competent,PeopleSoft,English-Proficient,English,50
GiriMallavaram,demo_interviewer3@mailinator.com,,Dev Ops Engineer,Datastage-Competent,Datastage,English-Proficient,English,51
RamyaROCHABRUN,demo_interviewer4@mailinator.com,,Senior Consultant,WebSphere Application Server-Competent,WebSphere Application Server,English-Proficient,English,52
DineshGupta,demo_interviewer5@mailinator.com,,Sr. Business Process Analyst,Business Analysis-Competent,Business Analysis,English-Proficient,English,53
MoshiulTiwari,demo_interviewer0@mailinator.com,,Sr. Business Process Analyst,Windows Azure-Competent,Windows Azure,English-Proficient,English,48
TrevorBalaji,demo_interviewer1@mailinator.com,,Oracle PeopleSoft Specialist Consultant,ABAP-Competent,ABAP,English-Proficient,English,49
Balaji G,balaji.guttula@amzurtech.com,,Designer,asdg-Competent,asdg,English-Native,English,47
Kamesh Vadla,interviewer1234@mailinator.com,,Java,Jamroom-Competent,Jamroom,English-Native,English,46
Anthony Hunt,pibelyhe@mailinator.com,,Minima aut est aperiam ut commodo laboriosam,QA Testing-Competent,QA Testing,"English-Proficient,Mandarin-Native","English,Mandarin",45
sree int,sint@mailinator.com,,ruby on rails developer,"Ruby-Competent,Rails-Competent","Ruby,Rails",English-Proficient,English,44
interviewer dummy1,interviewer1@mailinator.com,Information,software engineer,"Core Java-Competent,Go lang-Competent,Laravel-Proficient","Core Java,Go lang,Laravel","English-Fluent,Hindi / Urdu-Native","English,Hindi / Urdu",43
Dint 2,dint2@mailinator.com,"IT-Software,Software Services",Java Developer,"Java-Proficient,Core Java-Proficient,JavaSE-Proficient,Android-Competent,Oracle-Proficient,Automated Testing-Competent","Java,Core Java,JavaSE,Android,Oracle,Automated Testing,iOS,Windows Mobile Development,Java EE,J2ME,J2EE,Database,Backbone.js,JavaBeans,Javascript,AngularJS,Ruby on Rails,AWS Integration",English-Fluent,English,42
Inte Eteki,inte@mailinator.com,,Techu,"Java-Competent,Testing-Competent","Java,Testing",English-Proficient,English,41
Illana Irwin,nyxyrykux@mailinator.com,,Consequuntur iste ipsam unde,Java-Competent,Java,"English-Native,Mandarin-Proficient","English,Mandarin",40
Chn Fhj,in1@mailinator.com,,Fhddd,Java-Competent,Java,English-Proficient,English,39
In Eteki,in@mailinator.com,,363,Java-Competent,Java,English-Proficient,English,38
HDHD Ehhe,int25@mailinator.com,,BC JFK,hafhhsg-Proficient,hafhhsg,English-Proficient,English,37
Test M,hadoop123@mailinator.com,,Gd,Java Applets-Competent,Java Applets,English-Fluent,English,36
Ramesh M,testint@mailinator.com,,Developer,HACCP-Proficient,HACCP,English-Proficient,English,35
Jane Evans,xenu@mailinator.com,Accommodation,Nihil laudantium,Java-Proficient,Java,"English-Fluent,Hindi / Urdu-Native","English,Hindi / Urdu",34
Hashim Larsen,byju@mailinator.com,Accommodation,Doloremque sunt earum,Java-Proficient,Java,"English-Proficient,Hindi / Urdu-Native","English,Hindi / Urdu",33
Althea B,cica@mailinator.com,Accommodation,Aut reprehende,Java-Proficient,Java,English-Native,English,32
Free 1,free1@mailinator.com,"Ambulatory Health Care Services,Amusement",Java ,java-Proficient,java,English-Proficient,English,31
Android Int,androidint@mailinator.com,,Freelancing,"Java-Competent,Testing-Competent","Java,Testing",English-Proficient,English,30
Hanae Good,lataho@mailinator.com,,Java Developer,"Java-Competent,Zendesk-Competent","Java,Zendesk",English-Fluent,English,29
Casey Henry,petegygo@mailinator.com,,389,Java-Competent,Java,English-Fluent,English,28
2 2,2@mailinator.com,,HR,HRIS-Proficient,HRIS,English-Fluent,English,27
1 1,1@mailinator.com,,HR,HRIS-Competent,HRIS,English-Fluent,English,26
int 11,int11@mailinator.com,,int11,java-Proficient,java,English-Proficient,English,25
Freelancer 5,freelancer5@mailinator.com,,Sssssss,"philosophy-Advanced Beginner,Sales-Competent","philosophy,Sales",English-Proficient,English,24
Chandu Amzur ,chandu.amzur@gmail.com,,Senior iOS Developer ,"iOS-Competent,Xcode-Competent,iPhone App Development-Competent","iOS,Xcode,iPhone App Development",English-Proficient,English,23
Chj Bnmm,5555@mailinator.com,,Dhhh,JavaServer Faces-Competent,JavaServer Faces,English-Proficient,English,22
Interviewer Eteki,interviewer33@mailinator.com,"Ceramics,Sanitary ware",Freelancing,"Java-Competent,Testing-Proficient","Java,Testing","Telugu-Proficient,English-Proficient","Telugu,English",21
freelancer 300,freelancer300@mailinator.com,Accommodation,lead,java-Competent,java,English-Fluent,English,20
fr 200,freelancer200@mailinator.com,,lead,philosophy-Advanced Beginner,philosophy,English-Fluent,English,19
int 10,int10@mailinator.com,,java,java-Proficient,java,English-Fluent,English,18
int9,int9@mailinator.com,,software,"Automated Testing-Advanced Beginner,tes-Advanced Beginner,Database Testing-Competent,Testing-Competent,Java-Competent,Performance testing-Competent,DCL280-Proficient5","Automated Testing,tes,Database Testing,Testing,Java,Performance testing,DCL280",English-Fluent,English,17
fr 100,freelancer100@mailinator.com,,lead,"philosophy-Proficient,Phillips-Competent","philosophy,Phillips",English-Proficient,English,16
int 8,int8@mailinator.com,,developer,"User Research-Competent,Wireframes-Competent,jQuery-Competent","User Research,Wireframes,jQuery",English-Fluent,English,15
int 7,int7@mailinator.com,,softwear,"Linux admin-Competent,ENDEVOR-Competent,REXX-Competent","Linux admin,ENDEVOR,REXX",English-Fluent,English,14
int 6,int6@mailinator.com,,software,"EMC VPLEX VS2 Metro-Competent,VMAX200k-Competent,DMX-Competent/3-Competent","EMC VPLEX VS2 Metro,VMAX200k,DMX-4/3,CLARiiON CX 4-960/4-120",English-Fluent,English,13
Lucius Holder,interviewer1100@mailinator.com,,Rerum alias sit sunt inventore aute eos animi culpa explicabo Iste culpa ut sed quis,ACDSee-Competent,ACDSee,English-Proficient,English,12
int 14,int14@mailinator.com,,sowtware,java-Proficient,java,English-Fluent,English,11
int 5,int5@mailinator.com,Accommodation,sowtware,"java-Competent0,Testing-Competent9,AutoCAD-Competent8,SQL-Competent,Oracle-Competent6,Data Warehousing-Competent,Ruby on Rails-Competent","java,Testing,AutoCAD,SQL,Oracle,Data Warehousing,Ruby on Rails,ACT!,Automated Testing,Load testing,Ruby,Database Testing,Performance testing,many,nae12","English-Fluent,Hindi / Urdu-Fluent","English,Hindi / Urdu",10
Dint 4,dint4@mailinator.com,,iOS Developer ,"iOS-Competent,Xcode-Competent,iOS Development-Competent,iOS SDK-Competent,core data-Competent","iOS,Xcode,iOS Development,iOS SDK,core data",English-Fluent,English,9
Work 3,work3@mailinator.com,,testing,"testing-Expert,Java-Expert,ruby-Expert","testing,Java,ruby",English-Proficient,English,8
freelancer 2,freelancer2@mailinator.com,,testing skills,Testing-Competent,Testing,English-Fluent,English,7
freelancer 1,freelancer1@mailinator.com,,testing,"testing-Proficient,Java-Competent,Core Java2-Competent,MongoDB-Competent,Express.js-Competent,AngularJS-Competent,Node.js-Competent,Java Fullstack-Competent","testing,Java,Core Java2,MongoDB,Express.js,AngularJS,Node.js,Java Fullstack",English-Proficient,English,6
work 1,work1@mailinator.com,,free,"Java-Proficient,CAD-Proficient","Java,CAD",English-Fluent,English,5
work eteki,work@mailinator.com,,Freelancing,"Java-Proficient,CAD-Competent","Java,CAD",English-Fluent,English,4
freelancerr,freelancer@mailinator.com,"Administrative and Support Services,Administrative and Support and Waste Management and Remediation Services",Test Lead,Java-Proficient,Java,"English-Proficient,Hindi / Urdu-Fluent,Romanian-Proficient,German-Native","English,Hindi / Urdu,Romanian,German",3
Ramesh,dint3@mailinator.com,,Test mkll,"iOS-Competent,Xcode-Competent,Core Data-Competent","iOS,Xcode,Core Data",English-Native,English,2
kishore seemala,kishore.seemala@maildrop.cc,Accommodation,Sr. Rails Developer,"Ruby-Competent,a-Competent","Ruby,a",English-Fluent,English,1
